Workbook

Sheet DES'25
B1: KSP. NATA BUANA PASUNDAN | I1: INDEKS KETERANGAN WARNA
B2: KOLEKTIBILITAS Bank KB Indonesia X NATA | H2: 1 | K2: FAS KREDIT LEBIH DARI 1 | N2: 3 | Q2: TOPUP / REHAB
B3: Periode : DESEMBER 2025 | H3: 2 | K3: LUNAS / PELUNASAN | N3: 4 | Q3: RESTRUKTUR
N4: 5 | Q4: MD - MENINGGAL DUNIA
B6: NO. | C6: NOPEN | D6: NOREK | E6: TANGGAL | F6: NAMA | G6: MO | H6: PLAFOND | I6: BUNGA | J6: angsuran_ke | K6: tenor | L6: % byr | M6: BAKI AWAL | N6: ANGSURAN JATUH TEMPO | R6: ANGSURAN BELUM DITERIMA | V6: ANGSURAN TELAH DITERIMA | Z6: BAKI AKHIR
N7: POKOK | O7: BUNGA | P7: S.WJB | Q7: JUMLAH | R7: POKOK | S7: BUNGA | T7: S.WJB | U7: JUMLAH | V7: POKOK | W7: BUNGA | X7: S.WJB | Y7: JUMLAH
B8: 1 | E8: 45474 | F8: CUCU TRISNA RAHAYU | G8: RATIH | H8: 0 | J8: 24 | K8: 24 | L8: =J8/K8 -> 1 | M8: 0 | N8: 0 | O8: 0 | Q8: =+N8+O8 -> 0 | R8: 0 | S8: 0 | U8: =+R8+S8 -> 0 | V8: 0 | W8: 0 | Y8: =+V8+W8 -> 0 | Z8: 3 Oktober 2024
B9: 2 | E9: 45475 | F9: ONO SUHANA | G9: HARIS | H9: 0 | J9: 24 | K9: 24 | L9: =J9/K9 -> 1 | M9: 0 | N9: 0 | O9: 0 | Q9: =+N9+O9 -> 0 | R9: 0 | S9: 0 | U9: =+R9+S9 -> 0 | V9: 0 | W9: 0 | Y9: =+V9+W9 -> 0 | Z9: 24 Oktober 2024
B10: 3 | E10: 45446 | F10: APID | G10: AYU | H10: 0 | J10: 24 | K10: 24 | L10: =J10/K10 -> 1 | M10: 0 | N10: 0 | O10: 0 | Q10: =+N10+O10 -> 0 | R10: 0 | S10: 0 | U10: =+R10+S10 -> 0 | V10: 0 | W10: 0 | Y10: =+V10+W10 -> 0 | Z10: 01 November 2024
B11: 4 | E11: 45506 | F11: YANTO SUHARTO | G11: AYU | H11: 0 | J11: 24 | K11: 24 | L11: =J11/K11 -> 1 | M11: 0 | N11: 0 | O11: 0 | Q11: =+N11+O11 -> 0 | R11: 0 | S11: 0 | U11: =+R11+S11 -> 0 | V11: 0 | W11: 0 | Y11: =+V11+W11 -> 0 | Z11: 05 November 2024
B12: 5 | E12: 45539 | F12: SURIP SURYA GUNAWAN | G12: RIKA | H12: 0 | J12: 24 | K12: 24 | L12: =J12/K12 -> 1 | M12: 0 | N12: 0 | O12: 0 | Q12: =+N12+O12 -> 0 | R12: 0 | S12: 0 | U12: =+R12+S12 -> 0 | V12: 0 | W12: 0 | Y12: =+V12+W12 -> 0 | Z12: 07 November 2024
B13: 6 | E13: 45545 | F13: SUMARTINI | G13: VIVI / DITO | H13: 0 | J13: 24 | K13: 24 | L13: =J13/K13 -> 1 | M13: 0 | N13: 0 | O13: 0 | Q13: =+N13+O13 -> 0 | R13: 0 | S13: 0 | U13: =+R13+S13 -> 0 | V13: 0 | W13: 0 | Y13: =+V13+W13 -> 0 | Z13: 14 November 2024
B14: 7 | E14: 45425 | F14: ENCEP IDAM HOLID | G14: AYU | H14: 0 | J14: 24 | K14: 24 | L14: =J14/K14 -> 1 | M14: 0 | N14: 0 | O14: 0 | Q14: =+N14+O14 -> 0 | R14: 0 | S14: 0 | U14: =+R14+S14 -> 0 | V14: 0 | W14: 0 | Y14: =+V14+W14 -> 0 | Z14: 22 November 2024
B15: 8 | E15: 45509 | F15: MAMAN DASMAN | G15: RATIH | H15: 0 | J15: 24 | K15: 24 | L15: =J15/K15 -> 1 | M15: 0 | N15: 0 | O15: 0 | Q15: =+N15+O15 -> 0 | R15: 0 | S15: 0 | U15: =+R15+S15 -> 0 | V15: 0 | W15: 0 | Y15: =+V15+W15 -> 0 | Z15: 12 Desember 2024
B16: 9 | E16: 45506 | F16: SADIAH | G16: IWANUDIN | H16: 0 | J16: 24 | K16: 24 | L16: =J16/K16 -> 1 | M16: 0 | N16: 0 | O16: 0 | Q16: =+N16+O16 -> 0 | R16: 0 | S16: 0 | U16: =+R16+S16 -> 0 | V16: 0 | W16: 0 | Y16: =+V16+W16 -> 0 | Z16: 17 Januari 2025
B17: 10 | E17: 45614 | F17: SULASTRI | G17: RATIH | H17: 0 | J17: 24 | K17: 24 | L17: =J17/K17 -> 1 | M17: 0 | N17: 0 | O17: 0 | Q17: =+N17+O17 -> 0 | R17: 0 | S17: 0 | U17: =+R17+S17 -> 0 | V17: 0 | W17: 0 | Y17: 0 | Z17: 24 Januari 2025
B18: 11 | E18: 45630 | F18: EMAN SULAEMAN - 13116514600 | G18: DIFA/CUCU | H18: 0 | J18: 24 | K18: 24 | L18: =J18/K18 -> 1 | M18: 0 | N18: 0 | O18: 0 | Q18: =+N18+O18 -> 0 | R18: 0 | S18: 0 | U18: =+R18+S18 -> 0 | V18: 0 | W18: 0 | Y18: =+V18+W18 -> 0 | Z18: 04 Februari 2025
B19: 12 | E19: 45448 | F19: EEN JAENAH | G19: RIKA | H19: 0 | J19: 24 | K19: 24 | L19: =J19/K19 -> 1 | M19: 0 | N19: 0 | O19: 0 | Q19: =+N19+O19 -> 0 | R19: 0 | S19: 0 | U19: =+R19+S19 -> 0 | V19: 0 | W19: 0 | Y19: =+V19+W19 -> 0 | Z19: 13 Februari 2025
B20: 13 | E20: 45488 | F20: YAYAH HELIAWATY | G20: HARIS | H20: 0 | J20: 24 | K20: 24 | L20: =J20/K20 -> 1 | M20: 0 | N20: 0 | O20: 0 | Q20: =+N20+O20 -> 0 | R20: 0 | S20: 0 | U20: =+R20+S20 -> 0 | V20: 0 | W20: 0 | Y20: =+V20+W20 -> 0 | Z20: 13 Februari 2025
B21: 14 | E21: 45538 | F21: TITIN RUSTITI | G21: RATIH | H21: 0 | J21: 24 | K21: 24 | L21: =J21/K21 -> 1 | M21: 0 | N21: 0 | O21: 0 | Q21: =+N21+O21 -> 0 | R21: 0 | S21: 0 | U21: =+R21+S21 -> 0 | V21: 0 | W21: 0 | Y21: =+V21+W21 -> 0 | Z21: 18 Februari 2025
B22: 15 | E22: 45548 | F22: SUMARNO | G22: AGUS | H22: 0 | J22: 24 | K22: 24 | L22: =J22/K22 -> 1 | M22: 0 | N22: 0 | O22: 0 | Q22: =+N22+O22 -> 0 | R22: 0 | S22: 0 | U22: =+R22+S22 -> 0 | V22: 0 | W22: 0 | Y22: =+V22+W22 -> 0 | Z22: 21 Februari 2025
B23: 16 | E23: 45481 | F23: EDI SUYADI | G23: DIFA/CUCU | H23: 0 | J23: 24 | K23: 24 | L23: =J23/K23 -> 1 | M23: 0 | N23: 0 | O23: 0 | Q23: =+N23+O23 -> 0 | R23: 0 | S23: 0 | U23: =+R23+S23 -> 0 | V23: 0 | W23: 0 | Y23: =+V23+W23 -> 0 | Z23: 20 Februari 2025
B24: 17 | C24: 20041105433 | E24: 45601 | F24: ENDANG SUPARMAN | G24: RIKA | H24: 0 | J24: 24 | K24: 24 | L24: =J24/K24 -> 1 | M24: 0 | N24: 0 | O24: 0 | Q24: =+N24+O24 -> 0 | R24: 0 | S24: 0 | U24: =+R24+S24 -> 0 | V24: 0 | W24: 0 | Y24: =+V24+W24 -> 0 | Z24: 05 Maret 2025
B25: 18 | C25: ED335755111030 | E25: 45645 | F25: MARDIYANTO WALIMAN | G25: RIKA | H25: 0 | J25: 36 | K25: 36 | L25: =J25/K25 -> 1 | M25: 0 | N25: 0 | O25: 0 | Q25: =+N25+O25 -> 0 | R25: 0 | S25: 0 | U25: =+R25+S25 -> 0 | V25: 0 | W25: 0 | Y25: =+V25+W25 -> 0 | Z25: 12 Maret 2025
B26: 19 | E26: 45516 | F26: SUSILAWATI | G26: RATIH | H26: 0 | J26: 24 | K26: 24 | L26: =J26/K26 -> 1 | M26: 0 | N26: 0 | O26: 0 | Q26: =+N26+O26 -> 0 | R26: 0 | S26: 0 | U26: =+R26+S26 -> 0 | V26: 0 | W26: 0 | Y26: =+V26+W26 -> 0 | Z26: 27 Maret 2025
B27: 20 | E27: 45663 | F27: IKIN SODIKIN | G27: RIKA | H27: 0 | J27: 36 | K27: 36 | L27: =J27/K27 -> 1 | M27: 0 | N27: 0 | O27: 0 | Q27: =+N27+O27 -> 0 | R27: 0 | S27: 0 | U27: =+R27+S27 -> 0 | V27: 0 | W27: 0 | Y27: =+V27+W27 -> 0 | Z27: 22 April 2025
B28: 21 | E28: 45617 | F28: IMAS SUMARSIH | G28: DIFA/HARIS | H28: 0 | J28: 24 | K28: 24 | L28: =J28/K28 -> 1 | M28: 0 | N28: 0 | O28: 0 | Q28: =+N28+O28 -> 0 | R28: 0 | S28: 0 | U28: =+R28+S28 -> 0 | V28: 0 | W28: 0 | Y28: =+V28+W28 -> 0 | Z28: 08 Mei 2025
B29: 22 | E29: 45597 | F29: ASEP YUHENDI | G29: AYU | H29: 0 | J29: 24 | K29: 24 | L29: =J29/K29 -> 1 | M29: 0 | N29: 0 | O29: 0 | Q29: =+N29+O29 -> 0 | U29: =+R29+S29 -> 0 | V29: 0 | W29: 0 | Y29: =+V29+W29 -> 0 | Z29: 05 Mei 2025
B30: 23 | E30: 45425 | F30: EMAN SULAEMAN | G30: AYU | H30: 0 | J30: 12 | K30: 12 | L30: =J30/K30 -> 1 | M30: 0 | N30: 0 | O30: =SUM(H30*2.5/100) -> 0 | Q30: =+N30+O30 -> 0 | R30: 0 | S30: 0 | U30: =+R30+S30 -> 0 | Y30: =+V30+W30 -> 0 | Z30: 01 MEI 2025
B31: 24 | C31: 48005894300 | E31: 45708 | F31: JUNARIAH | G31: AAN | H31: 0 | J31: 24 | K31: 24 | L31: =J31/K31 -> 1 | N31: 0 | O31: 0 | Q31: =+N31+O31 -> 0 | R31: 0 | S31: 0 | U31: =+R31+S31 -> 0 | V31: 0 | W31: 0 | Y31: =+V31+W31 -> 0 | Z31: 14 Mei 2025
B32: 25 | E32: 45448 | F32: EMI SUNARTI | G32: AYU | H32: 0 | J32: 24 | K32: 24 | L32: =J32/K32 -> 1 | M32: 0 | N32: 0 | O32: 0 | Q32: =+N32+O32 -> 0 | R32: 0 | S32: 0 | U32: =+R32+S32 -> 0 | V32: 0 | W32: 0 | Y32: =+V32+W32 -> 0 | Z32: 23 Juni 2025
B33: 26 | E33: 45495 | F33: EMAH SUEMAH | G33: HARIS | H33: 0 | J33: 24 | K33: 24 | L33: =J33/K33 -> 1 | M33: 0 | N33: 0 | O33: 0 | Q33: =+N33+O33 -> 0 | R33: 0 | S33: 0 | U33: =+R33+S33 -> 0 | V33: 0 | W33: 0 | Y33: =+V33+W33 -> 0 | Z33: 05 JUNI 2025
B34: 27 | C34: 13020068900 | E34: 37473 | F34: SUMIATI - 13020068900 | G34: AYU | H34: 0 | J34: 24 | K34: 24 | L34: =J34/K34 -> 1 | M34: 0 | N34: 0 | O34: 0 | Q34: =+N34+O34 -> 0 | R34: 0 | S34: 0 | U34: =+R34+S34 -> 0 | V34: 0 | W34: 0 | Y34: =+V34+W34 -> 0 | Z34: 08 JULI 2025
B35: 28 | E35: 45519 | F35: SOEMARNO B TISNASASMITA | G35: HARIS | H35: 0 | J35: 24 | K35: 24 | L35: =J35/K35 -> 1 | M35: 0 | N35: 0 | O35: 0 | Q35: =+N35+O35 -> 0 | R35: 0 | S35: 0 | U35: =+R35+S35 -> 0 | V35: 0 | W35: 0 | Y35: =+V35+W35 -> 0 | Z35: 11 JULI 2025
B36: 29 | E36: 45525 | F36: BAMBANG SUYONO | G36: HARIS | H36: 0 | J36: 24 | K36: 24 | L36: =J36/K36 -> 1 | M36: 0 | N36: 0 | O36: 0 | Q36: =+N36+O36 -> 0 | R36: 0 | S36: 0 | U36: =+R36+S36 -> 0 | V36: 0 | W36: 0 | Y36: =+V36+W36 -> 0 | Z36: 11 JULI 2025
B37: 30 | E37: 45566 | F37: ENDANG SUARNA | G37: RONA | H37: 0 | J37: 24 | K37: 24 | L37: =J37/K37 -> 1 | M37: 0 | N37: 0 | O37: 0 | Q37: =+N37+O37 -> 0 | R37: 0 | S37: 0 | U37: =+R37+S37 -> 0 | V37: 0 | W37: 0 | Y37: =+V37+W37 -> 0 | Z37: 14 JULI 2025
B38: 31 | E38: 45572 | F38: UCE JUARIAH | G38: ANNISA | H38: 0 | J38: 24 | K38: 24 | L38: =J38/K38 -> 1 | M38: 0 | N38: 0 | O38: 0 | Q38: =+N38+O38 -> 0 | R38: 0 | S38: 0 | U38: =+R38+S38 -> 0 | V38: 0 | W38: 0 | Y38: =+V38+W38 -> 0 | Z38: 10 JULI 2025
B39: 32 | C39: 13041195400 | E39: 45698 | F39: DIDI SUPENO | G39: RATIH | H39: 0 | J39: 36 | K39: 36 | L39: =J39/K39 -> 1 | M39: 0 | N39: 0 | O39: 0 | Q39: =+N39+O39 -> 0 | R39: 0 | S39: 0 | U39: =+R39+S39 -> 0 | V39: 0 | W39: 0 | Y39: =+V39+W39 -> 0 | Z39: 15 JULI 2025
B40: 33 | C40: 48010587700 | E40: 45695 | F40: TOTO KARNOTO | G40: NANANG | H40: 0 | J40: 36 | K40: 36 | L40: =J40/K40 -> 1 | M40: 0 | N40: 0 | O40: 0 | P40: 0 | Q40: 0 | R40: 0 | S40: 0 | T40: 0 | U40: =+R40+S40 -> 0 | V40: 0 | W40: 0 | Y40: =+V40+W40 -> 0 | Z40: 19 AGUSTUS 2025
B41: 34 | E41: 45456 | F41: OMA SUTISNA | G41: AYU | H41: 0 | J41: 24 | K41: 24 | L41: =J41/K41 -> 1 | M41: 0 | N41: 0 | O41: 0 | P41: 0 | Q41: 0 | R41: 0 | S41: 0 | T41: 0 | U41: =+R41+S41 -> 0 | V41: 0 | W41: 0 | Y41: =+V41+W41 -> 0 | Z41: 26 AGUSTUS 2025
B42: 35 | E42: 45450 | F42: RUKMAN SUHARTO | G42: ANNISA | H42: 0 | J42: 24 | K42: 24 | L42: =J42/K42 -> 1 | M42: 0 | N42: 0 | O42: 0 | P42: 0 | Q42: 0 | R42: 0 | S42: 0 | T42: 0 | U42: =+R42+S42 -> 0 | V42: 0 | W42: 0 | Y42: =+V42+W42 -> 0 | Z42: 01 SEPTEMBER 2025
B43: 36 | C43: 13136644600 | E43: 45793 | F43: NANA RUKMANA | G43: 106 - CIREBON - RIKA | H43: 0 | J43: 24 | K43: 24 | L43: =J43/K43 -> 1 | M43: 0 | N43: 0 | O43: 0 | P43: 0 | Q43: 0 | R43: 0 | S43: 0 | T43: 0 | U43: =+R43+S43 -> 0 | V43: 0 | W43: 0 | Y43: =+V43+W43 -> 0 | Z43: 02 SEPTEMBER 2025
B44: 37 | E44: 45638 | F44: NURDIN | G44: ALDI | H44: 0 | J44: 24 | K44: 24 | L44: =J44/K44 -> 1 | M44: 0 | N44: 0 | O44: 0 | P44: 0 | Q44: 0 | R44: 0 | S44: 0 | T44: 0 | U44: =+R44+S44 -> 0 | V44: 0 | W44: 0 | Y44: =+V44+W44 -> 0 | Z44: 03 SEPTEMBER 2025
B45: 38 | E45: 45575 | F45: WAWAS S | G45: ALDI | H45: 0 | J45: 24 | K45: 24 | L45: =J45/K45 -> 1 | M45: 0 | N45: 0 | O45: 0 | P45: 0 | Q45: 0 | R45: 0 | S45: 0 | T45: 0 | U45: =+R45+S45 -> 0 | V45: 0 | W45: 0 | Y45: =+V45+W45 -> 0 | Z45: 05 SEPTEMBER 2025
B46: 39 | E46: 45516 | F46: KARMILAH | G46: DEVI/AYU | H46: 0 | J46: 24 | K46: 24 | L46: =J46/K46 -> 1 | M46: 0 | N46: 0 | O46: 0 | P46: 0 | Q46: 0 | R46: 0 | S46: 0 | T46: 0 | U46: =+R46+S46 -> 0 | V46: 0 | W46: 0 | Y46: =+V46+W46 -> 0 | Z46: 30 SEPTEMBER 2025
B47: 40 | C47: 11005039200 | E47: 45701 | F47: ACHMAD | G47: ALDI | H47: 0 | J47: 36 | K47: 36 | L47: =J47/K47 -> 1 | M47: 0 | N47: 0 | O47: 0 | P47: 0 | Q47: 0 | R47: 0 | S47: 0 | T47: 0 | U47: =+R47+S47 -> 0 | V47: 0 | W47: 0 | Y47: =+V47+W47 -> 0 | Z47: 15 SEPTEMBER 2025
A48: TBC | B48: 41 | C48: 13110576900 | E48: 45860 | F48: RANTUNG JULTJE | G48: 101 - BANDUNG - DASUN | H48: 0 | I48: 0.025 | J48: 36 | K48: 36 | L48: =J48/K48 -> 1 | M48: 0 | N48: 0 | O48: 0 | P48: 0 | Q48: 0 | R48: 0 | S48: 0 | T48: 0 | U48: =+R48+S48 -> 0 | V48: 0 | W48: 0 | X48: 0 | Y48: =+V48+W48 -> 0 | Z48: 22 SEPTEMBER 2025
B49: 42 | E49: 45447 | F49: MUSTIKA | G49: RUDI ACE | H49: 2300000 | J49: 24 | K49: 24 | L49: =J49/K49 -> 1 | M49: 842026.67 | N49: 842027 | O49: =153333*2+4640 -> 311306 | Q49: =+N49+O49 -> 1153333 | R49: 0 | S49: 0 | T49: ='[1]OKT''25'!S142+P49-X49 -> 0 | U49: =+R49+S49+T49 -> 0 | V49: 842027 | W49: =306666+4640 -> 311306 | X49: 0 | Y49: =+V49+W49+X49 -> 1153333 | Z49: =SUM(M49-V49) -> -0.33333333
B50: 43 | E50: 45573 | F50: SETIATI D KUSUMAH | G50: RATIH | H50: 3600000 | J50: =(H50-Z50)/N50 -> 12 | K50: 12 | L50: =J50/K50 -> 1 | M50: ='[1]OKT''25'!Y287 -> 0 | N50: =SUM(H50/K50) -> 300000 | O50: =SUM(H50*2.5/100) -> 90000 | Q50: =+N50+O50 -> 390000 | R50: 0 | S50: 0 | T50: ='[1]OKT''25'!S287+P50-X50 -> 0 | U50: =+R50+S50+T50 -> 0 | Y50: =+V50+W50+X50 -> 0 | Z50: =SUM(M50-V50) -> 0
A51: TBC | B51: 44 | E51: 45600 | F51: Elis Purwanti | G51: ALDI | H51: 3160000 | J51: 24 | K51: 24 | L51: =J51/K51 -> 1 | M51: 1711666.7 | N51: 1711666.7 | O51: =210667*2 -> 421334 | Q51: =+N51+O51 -> 2133000.7 | R51: 0 | S51: 0 | T51: ='[1]OKT''25'!S308+P51-X51 -> 0 | U51: =+R51+S51+T51 -> 0 | V51: 1711666.7 | W51: 421334 | Y51: =+V51+W51+X51 -> 2133000.7 | Z51: =SUM(M51-V51) -> 0
B52: 45 | E52: 45576 | F52: OFON SOFYAN | G52: HARIS | H52: 1800000 | J52: 24 | K52: 24 | L52: =J52/K52 -> 1 | M52: 900000 | N52: 900000 | O52: =120000*2 -> 240000 | Q52: =+N52+O52 -> 1140000 | R52: 0 | S52: 0 | T52: ='[1]OKT''25'!S292+P52-X52 -> 0 | U52: =+R52+S52+T52 -> 0 | V52: 900000 | W52: 240000 | Y52: =+V52+W52+X52 -> 1140000 | Z52: =SUM(M52-V52) -> 0
A53: TBC | B53: 46 | E53: 45602 | F53: SITI KOMARIAH | G53: AYU | H53: 5990000 | J53: 24 | K53: 24 | L53: =J53/K53 -> 1 | M53: 3244583.3 | N53: 3244583.3 | O53: =399333*2 -> 798666 | Q53: =+N53+O53 -> 4043249.3 | R53: 0 | S53: 0 | T53: 0 | U53: =+R53+S53+T53 -> 0 | V53: 3244583.3 | W53: 798666 | Y53: =+V53+W53+X53 -> 4043249.3 | Z53: =SUM(M53-V53) -> 0
B54: 47 | E54: 45664 | F54: KARTINI | G54: DIFA / RIZKI | H54: 22770000 | J54: 36 | K54: 36 | L54: =J54/K54 -> 1 | M54: 17077500 | N54: 17077500 | O54: 922500 | Q54: =+N54+O54 -> 18000000 | R54: 0 | S54: 0 | T54: ='[1]OKT''25'!S294+P54-X54 -> 0 | U54: =+R54+S54+T54 -> 0 | V54: 17077500 | W54: 922500 | Y54: =+V54+W54+X54 -> 18000000 | Z54: =SUM(M54-V54) -> 0
B55: 10 | E55: 45448 | F55: NONO MARTONO KUSWOYO | G55: AYU | H55: 12000000 | J55: 24 | K55: 24 | L55: =J55/K55 -> 1 | M55: 3500000 | N55: 3500000 | O55: 1600000 | Q55: =+N55+O55 -> 5100000 | R55: 0 | S55: 0 | T55: 0 | U55: =+R55+S55+T55 -> 0 | V55: 3500000 | W55: 1600000 | Y55: =+V55+W55+X55 -> 5100000 | Z55: =SUM(M55-V55) -> 0
B56: 37 | E56: 45478 | F56: U RUKAJAH | G56: DIFA/RUDI | H56: 1700000 | J56: 24 | K56: 24 | L56: =J56/K56 -> 1 | M56: 566669 | N56: 566669 | O56: 226667 | Q56: =+N56+O56 -> 793336 | R56: 0 | S56: 0 | T56: ='[1]OKT''25'!S296+P56-X56 -> 0 | U56: =+R56+S56+T56 -> 0 | V56: 566669 | W56: 226667 | Y56: =+V56+W56+X56 -> 793336 | Z56: =SUM(M56-V56) -> 0
A57: TBC - kembali dana | B57: 76 | E57: 45516 | F57: KUSPAI | G57: RIKA | H57: 10000000 | J57: 24 | K57: 24 | L57: =J57/K57 -> 1 | M57: 3749999.7 | N57: 3750000 | O57: =666667*2 -> 1333334 | Q57: =+N57+O57 -> 5083334 | R57: 0 | S57: 0 | T57: 0 | U57: =+R57+S57+T57 -> 0 | V57: 3750000 | W57: 1333334 | Y57: =+V57+W57+X57 -> 5083334 | Z57: =SUM(M57-V57) -> -0.33333333
B58: 328 | C58: 13047828600 | E58: 45783 | F58: ENDANG BASKARA | G58: 101-BANDUNG - AYU | H58: 13800000 | J58: 36 | K58: 36 | L58: =J58/K58 -> 1 | M58: 11500000 | N58: 11500000 | O58: =797333*2 -> 1594666 | Q58: =+N58+O58 -> 13094666 | R58: 0 | S58: 0 | T58: 0 | U58: =+R58+S58+T58 -> 0 | V58: 11500000 | W58: 1594666 | Y58: =+V58+W58+X58 -> 13094666 | Z58: =SUM(M58-V58) -> 0
B59: 438 | C59: 00802381400 | E59: 45860 | F59: MAKTUM | G59: 106 - CIREBON - RICKY / HARIS | H59: 30000000 | I59: 0.025 | J59: 36 | K59: 36 | L59: =J59/K59 -> 1 | M59: 28333333 | N59: 28333333 | O59: =1593333*2 -> 3186666 | P59: 10000 | Q59: =+N59+O59+P59 -> 31529999 | R59: 0 | S59: 0 | T59: 0 | U59: =+R59+S59+T59 -> 0 | V59: 28333333 | W59: 3186666 | Y59: =+V59+W59+X59 -> 31519999 | Z59: =SUM(M59-V59) -> 0
B60: 1 | E60: 45448 | F60: TATA SURANTA | G60: RIKA | H60: 0 | J60: 12 | K60: 12 | L60: =J60/K60 -> 1 | M60: 0 | N60: 0 | O60: 0 | Q60: =+N60+O60 -> 0 | R60: 0 | S60: 0 | U60: =+R60+S60 -> 0 | V60: 0 | W60: 0 | Y60: =+V60+W60 -> 0 | Z60: REHAB 03 JAN 2025
B61: 2 | E61: 45427 | F61: WIRA | G61: RIKA | H61: 0 | J61: 12 | K61: 12 | L61: =J61/K61 -> 1 | M61: 0 | N61: 0 | O61: 0 | Q61: =+N61+O61 -> 0 | R61: 0 | S61: 0 | U61: 0 | V61: 0 | W61: 0 | Y61: =+V61+W61 -> 0 | Z61: REHAB 06 JAN 2025
B62: 3 | E62: 45427 | F62: IKIN SODIKIN | G62: RIKA | H62: 0 | J62: 24 | K62: 24 | L62: =J62/K62 -> 1 | M62: 0 | N62: 0 | O62: 0 | Q62: =+N62+O62 -> 0 | R62: 0 | S62: 0 | U62: =+R62+S62 -> 0 | V62: 0 | W62: 0 | Y62: =+V62+W62 -> 0 | Z62: REHAB 06 JAN 2025
B63: 4 | C63: 201211049480 | E63: 45447 | F63: EUIS MIMI RUKMINI | G63: RATU SALMA | H63: 0 | J63: 18 | K63: 18 | L63: =J63/K63 -> 1 | M63: 0 | N63: 0 | O63: 0 | Q63: =+N63+O63 -> 0 | R63: 0 | S63: 0 | U63: =+R63+S63 -> 0 | V63: 0 | W63: 0 | Y63: =+V63+W63 -> 0 | Z63: REHAB 12 FEB 2025
B64: 5 | E64: 45448 | F64: ENI KARDIANI | G64: RATU SALMA | H64: 0 | J64: 24 | K64: 24 | L64: =J64/K64 -> 1 | M64: 0 | N64: =SUM(H64/K64) -> 0 | O64: =SUM(H64*2.5/100) -> 0 | Q64: =+N64+O64 -> 0 | R64: 0 | S64: 0 | U64: =+R64+S64 -> 0 | V64: 0 | W64: 0 | Y64: =+V64+W64 -> 0 | Z64: REHAB 04 MAR 2025
B65: 6 | E65: 45470 | F65: SUNARYA | G65: FIRMAN | H65: 0 | J65: 24 | K65: 24 | L65: =J65/K65 -> 1 | M65: 0 | N65: 0 | O65: 0 | Q65: =+N65+O65 -> 0 | R65: 0 | S65: 0 | U65: =+R65+S65 -> 0 | V65: 0 | W65: 0 | Y65: =+V65+W65 -> 0 | Z65: REHAB 07 MAR 2025
B66: 7 | E66: 45448 | F66: ENDANG BASKARA | G66: AYU | H66: 0 | J66: 24 | K66: 24 | L66: =J66/K66 -> 1 | M66: 0 | N66: 0 | O66: 0 | Q66: =+N66+O66 -> 0 | R66: 0 | S66: 0 | U66: =+R66+S66 -> 0 | V66: 0 | W66: 0 | Y66: =+V66+W66 -> 0 | Z66: REHAB 05 MEI 2025
B67: 8 | E67: 45445 | F67: UJANG JUNAEDI | G67: RIKA | H67: 0 | J67: 24 | K67: 24 | L67: =J67/K67 -> 1 | M67: 0 | N67: =SUM(H67/K67) -> 0 | O67: =SUM(H67*2.5/100) -> 0 | Q67: =+N67+O67 -> 0 | R67: 0 | S67: 0 | U67: =+R67+S67 -> 0 | V67: 0 | W67: 0 | Y67: =+V67+W67 -> 0 | Z67: REHAB 05 MEI 2025
B68: 9 | E68: 45505 | F68: YAYAT | G68: ANNISA | H68: 0 | J68: 24 | K68: 24 | L68: =J68/K68 -> 1 | M68: 0 | N68: =SUM(H68/K68) -> 0 | O68: =SUM(H68*2.5/100) -> 0 | Q68: =+N68+O68 -> 0 | R68: 0 | S68: 0 | U68: =+R68+S68 -> 0 | V68: 0 | W68: 0 | Y68: =+V68+W68 -> 0 | Z68: REHAB 09 MEI 2025
B69: 10 | C69: 201311071000 | E69: 45530 | F69: ASEP SYAEFUDIN / ASEP SAEFUDIN | G69: CUCU | H69: 0 | J69: 24 | K69: 24 | L69: =J69/K69 -> 1 | M69: 0 | N69: =SUM(H69/K69) -> 0 | O69: =SUM(H69*2.5/100) -> 0 | Q69: =+N69+O69 -> 0 | R69: 0 | S69: 0 | U69: =+R69+S69 -> 0 | V69: 0 | W69: 0 | Y69: =+V69+W69 -> 0 | Z69: REHAB 09 MEI 2025
B70: 11 | E70: 45419 | F70: RANTA SASMITA | G70: RIKA | H70: 0 | J70: 24 | K70: 24 | L70: =J70/K70 -> 1 | M70: 0 | N70: 0 | O70: 0 | Q70: =+N70+O70 -> 0 | R70: 0 | S70: 0 | U70: =+R70+S70 -> 0 | V70: 0 | W70: 0 | Y70: =+V70+W70 -> 0 | Z70: REHAB 04 JUNI 2025
B71: 12 | E71: 45449 | F71: NYAI SOPIYAH / NYAI SOPIAH | G71: AAN | H71: 0 | J71: 24 | K71: 24 | L71: =J71/K71 -> 1 | M71: 0 | N71: 0 | O71: 0 | Q71: =+N71+O71 -> 0 | R71: 0 | S71: 0 | U71: =+R71+S71 -> 0 | V71: 0 | W71: 0 | Y71: =+V71+W71 -> 0 | Z71: REHAB 19 JUNI 2025
B72: 13 | E72: 45490 | F72: SUMBARSANA | G72: DIFA/EKA | H72: 0 | J72: 24 | K72: 24 | L72: =J72/K72 -> 1 | M72: 0 | N72: 0 | O72: 0 | Q72: =+N72+O72 -> 0 | R72: 0 | S72: 0 | U72: =+R72+S72 -> 0 | V72: 0 | W72: 0 | Y72: =+V72+W72 -> 0 | Z72: REHAB 20 JUNI 2025
B73: 14 | E73: 45511 | F73: DENIS KHAJALIAH | G73: IWANUDIN | H73: 0 | J73: 24 | K73: 24 | L73: =J73/K73 -> 1 | M73: 0 | N73: 0 | O73: 0 | Q73: =+N73+O73 -> 0 | R73: 0 | S73: 0 | U73: =+R73+S73 -> 0 | V73: 0 | W73: 0 | Y73: =+V73+W73 -> 0 | Z73: REHAB 12 JUNI 2025
B74: 15 | E74: 45566 | F74: AAN SITI DJUHAROH | G74: AYU | H74: 0 | J74: 24 | K74: 24 | L74: =J74/K74 -> 1 | M74: 0 | N74: 0 | O74: 0 | Q74: =+N74+O74 -> 0 | R74: 0 | S74: 0 | U74: =+R74+S74 -> 0 | V74: 0 | W74: 0 | Y74: =+V74+W74 -> 0 | Z74: REHAB 04 JUNI 2025
B75: 16 | E75: 45496 | F75: DIDI SUPRIADI | G75: ANNISA | H75: 0 | J75: 12 | K75: 12 | L75: =J75/K75 -> 1 | M75: 0 | N75: 0 | O75: 0 | Q75: =+N75+O75 -> 0 | R75: 0 | S75: 0 | U75: =+R75+S75 -> 0 | V75: 0 | W75: 0 | Y75: =+V75+W75 -> 0 | Z75: REHAB 26 JUNI 2025
B76: 17 | E76: 45474 | F76: NANGNANG DJUMENA | G76: VIVI | H76: 0 | J76: 24 | K76: 24 | L76: =J76/K76 -> 1 | M76: 0 | N76: =SUM(H76/K76) -> 0 | O76: =SUM(H76*2.5/100) -> 0 | Q76: =+N76+O76 -> 0 | R76: 0 | S76: 0 | U76: =+R76+S76 -> 0 | V76: 0 | W76: 0 | Y76: =+V76+W76 -> 0 | Z76: REHAB 01 JULI 2025
B77: 18 | E77: 45475 | F77: WAHYU SRIPENI | G77: AYU | H77: 0 | J77: 24 | K77: 24 | L77: =J77/K77 -> 1 | M77: 0 | N77: =SUM(H77/K77) -> 0 | O77: =SUM(H77*2.5/100) -> 0 | Q77: =+N77+O77 -> 0 | R77: 0 | S77: 0 | U77: =+R77+S77 -> 0 | V77: 0 | W77: 0 | Y77: =+V77+W77 -> 0 | Z77: REHAB 04 JULI 2025
B78: 19 | E78: 45506 | F78: RIYADI SLAMET | G78: VIVI | H78: 0 | J78: 24 | K78: 24 | L78: =J78/K78 -> 1 | M78: 0 | N78: =SUM(H78/K78) -> 0 | O78: =SUM(H78*2.5/100) -> 0 | Q78: =+N78+O78 -> 0 | R78: 0 | S78: 0 | U78: =+R78+S78 -> 0 | V78: 0 | W78: 0 | Y78: =+V78+W78 -> 0 | Z78: REHAB 01 JULI 2025
B79: 20 | E79: 45512 | F79: DRS. HILMAN ROSYIDIN | G79: MULYADI | H79: 0 | J79: 24 | K79: 24 | L79: =J79/K79 -> 1 | M79: 0 | N79: =SUM(H79/K79) -> 0 | O79: =SUM(H79*2.5/100) -> 0 | Q79: =+N79+O79 -> 0 | R79: 0 | S79: 0 | U79: =+R79+S79 -> 0 | V79: 0 | W79: 0 | Y79: =+V79+W79 -> 0 | Z79: REHAB 18 JULI 2025
B80: 21 | E80: 45540 | F80: NINA ANGGRAENI | G80: AYU | H80: 0 | J80: 24 | K80: 24 | L80: =J80/K80 -> 1 | M80: 0 | N80: =SUM(H80/K80) -> 0 | O80: =SUM(H80*2.5/100) -> 0 | Q80: =+N80+O80 -> 0 | R80: 0 | S80: 0 | U80: =+R80+S80 -> 0 | V80: 0 | W80: 0 | Y80: =+V80+W80 -> 0 | Z80: REHAB 03 JULI 2025
B81: 22 | E81: 45555 | F81: IWAN ROSNAMA | G81: RIKA | H81: 0 | J81: 24 | K81: 24 | L81: =J81/K81 -> 1 | M81: 0 | N81: =SUM(H81/K81) -> 0 | O81: =SUM(H81*2.5/100) -> 0 | Q81: =+N81+O81 -> 0 | R81: 0 | S81: 0 | U81: =+R81+S81 -> 0 | V81: 0 | W81: 0 | Y81: =+V81+W81 -> 0 | Z81: REHAB 09 JULI 2025
B82: 23 | E82: 45566 | F82: EUIS ATIKAH | G82: AYU | H82: 0 | J82: 24 | K82: 24 | L82: =J82/K82 -> 1 | M82: 0 | N82: =SUM(H82/K82) -> 0 | O82: =SUM(H82*2.5/100) -> 0 | Q82: =+N82+O82 -> 0 | R82: 0 | S82: 0 | U82: =+R82+S82 -> 0 | V82: 0 | W82: 0 | Y82: =+V82+W82 -> 0 | Z82: REHAB 04 JULI 2025
B83: 24 | E83: 45600 | F83: WAHYU SRIPENI, S.PD (FAS II) - Rehab | G83: AYU | H83: 0 | J83: 24 | K83: 24 | L83: =J83/K83 -> 1 | M83: 0 | N83: =SUM(H83/K83) -> 0 | O83: =SUM(H83*2.5/100) -> 0 | Q83: =+N83+O83 -> 0 | R83: 0 | S83: 0 | U83: =+R83+S83 -> 0 | V83: 0 | W83: 0 | Y83: =+V83+W83 -> 0 | Z83: REHAB 01 AGUST 2025
A84: TBC | B84: 25 | E84: 45505 | F84: UUN OTONG | G84: AYU | H84: 0 | J84: 24 | K84: 24 | L84: =J84/K84 -> 1 | M84: 0 | N84: =SUM(H84/K84) -> 0 | O84: =SUM(H84*2.5/100) -> 0 | Q84: =+N84+O84 -> 0 | R84: 0 | S84: 0 | U84: =+R84+S84 -> 0 | V84: 0 | W84: 0 | Y84: =+V84+W84 -> 0 | Z84: REHAB 05 AGUST 2025
B85: 26 | E85: 45448 | F85: EMAN SUHARMAN | G85: RIKA | H85: 0 | J85: 24 | K85: 24 | L85: =J85/K85 -> 1 | M85: 0 | N85: =SUM(H85/K85) -> 0 | O85: =SUM(H85*2.5/100) -> 0 | Q85: =+N85+O85 -> 0 | R85: 0 | S85: 0 | U85: =+R85+S85 -> 0 | V85: 0 | W85: 0 | Y85: =+V85+W85 -> 0 | Z85: REHAB 07 AGUST 2025
B86: 27 | E86: 45488 | F86: LILIS TATI CANTINI | G86: AAN | H86: 0 | J86: 24 | K86: 24 | L86: =J86/K86 -> 1 | M86: 0 | N86: =SUM(H86/K86) -> 0 | O86: =SUM(H86*2.5/100) -> 0 | Q86: =+N86+O86 -> 0 | R86: 0 | S86: 0 | U86: =+R86+S86 -> 0 | V86: 0 | W86: 0 | Y86: =+V86+W86 -> 0 | Z86: REHAB 07 AGUST 2025
B87: 28 | E87: 45547 | F87: TATANG SUHENDAR | G87: AAN | H87: 0 | J87: 24 | K87: 24 | L87: =J87/K87 -> 1 | M87: 0 | N87: =SUM(H87/K87) -> 0 | O87: =SUM(H87*2.5/100) -> 0 | Q87: =+N87+O87 -> 0 | R87: 0 | S87: 0 | U87: =+R87+S87 -> 0 | V87: 0 | W87: 0 | Y87: =+V87+W87 -> 0 | Z87: REHAB 12 AGUST 2025
B88: 29 | E88: 45447 | F88: MAKTUM | G88: HARIS | H88: 0 | J88: 24 | K88: 24 | L88: =J88/K88 -> 1 | M88: 0 | N88: =SUM(H88/K88) -> 0 | O88: =SUM(H88*2.5/100) -> 0 | Q88: =+N88+O88 -> 0 | R88: 0 | S88: 0 | U88: =+R88+S88 -> 0 | V88: 0 | W88: 0 | Y88: =+V88+W88 -> 0 | Z88: REHAB 22 SEPT 2025
B89: 30 | E89: 45505 | F89: NANA SUTARNA | G89: RIKA | H89: 0 | J89: 24 | K89: 24 | L89: =J89/K89 -> 1 | M89: 0 | N89: =SUM(H89/K89) -> 0 | O89: =SUM(H89*2.5/100) -> 0 | Q89: =+N89+O89 -> 0 | R89: 0 | S89: 0 | U89: =+R89+S89 -> 0 | V89: 0 | W89: 0 | Y89: =+V89+W89 -> 0 | Z89: REHAB 16 SEPT 2025
B90: 31 | E90: 45511 | F90: KURNIA HIDAYAT | G90: IWANUDIN | H90: 0 | J90: 24 | K90: 24 | L90: =J90/K90 -> 1 | M90: 0 | N90: =SUM(H90/K90) -> 0 | O90: =SUM(H90*2.5/100) -> 0 | Q90: =+N90+O90 -> 0 | R90: 0 | S90: 0 | U90: =+R90+S90 -> 0 | V90: 0 | W90: 0 | Y90: =+V90+W90 -> 0 | Z90: REHAB 12 SEPT 2025
B91: 32 | E91: 45541 | F91: SULAEMAN ENDJA | G91: ANNISA | H91: 0 | J91: 24 | K91: 24 | L91: =J91/K91 -> 1 | M91: 0 | N91: =SUM(H91/K91) -> 0 | O91: =SUM(H91*2.5/100) -> 0 | Q91: =+N91+O91 -> 0 | R91: 0 | S91: 0 | U91: =+R91+S91 -> 0 | V91: 0 | W91: 0 | Y91: =+V91+W91 -> 0 | Z91: REHAB 08 SEPT 2025
B92: 33 | E92: 45553 | F92: SUKARDI ATMOKO | G92: HARIS | H92: 0 | J92: 24 | K92: 24 | L92: =J92/K92 -> 1 | M92: 0 | N92: =SUM(H92/K92) -> 0 | O92: =SUM(H92*2.5/100) -> 0 | Q92: =+N92+O92 -> 0 | R92: 0 | S92: 0 | U92: =+R92+S92 -> 0 | V92: 0 | W92: 0 | Y92: =+V92+W92 -> 0 | Z92: REHAB 03 SEPT 2025
B93: 34 | E93: 45631 | F93: TARDI SUTARMAN | G93: ALDI | H93: 0 | J93: 24 | K93: 24 | L93: =J93/K93 -> 1 | M93: 0 | N93: =SUM(H93/K93) -> 0 | O93: =SUM(H93*2.5/100) -> 0 | Q93: =+N93+O93 -> 0 | R93: 0 | S93: 0 | U93: =+R93+S93 -> 0 | V93: 0 | W93: 0 | Y93: =+V93+W93 -> 0 | Z93: REHAB 11 SEPT 2025
B94: 3 | E94: 45545 | F94: IMAN SUTARJANA | G94: AYU / ULI | H94: 0 | J94: 24 | K94: 24 | L94: =J94/K94 -> 1 | M94: 0 | N94: 0 | O94: 0 | Q94: =+N94+O94 -> 0 | R94: 0 | S94: 0 | U94: =+R94+S94 -> 0 | V94: 0 | W94: 0 | Y94: =+V94+W94 -> 0 | Z94: REHAB 17 OKT 2025
B95: 55 | E95: 45506 | F95: E SUHERMAN | G95: AAN | H95: 0 | J95: 24 | K95: 24 | L95: =J95/K95 -> 1 | M95: 0 | N95: 0 | O95: 0 | Q95: =+N95+O95 -> 0 | R95: 0 | S95: 0 | T95: ='[1]OKT''25'!S190+P95-X95 -> 0 | U95: =+R95+S95+T95 -> 0 | V95: 0 | W95: 0 | Y95: =+V95+W95+X95 -> 0 | Z95: REHAB 20 OKT 2025
B96: 145 | C96: 01006971600 | E96: 45568 | F96: ENDANG H | G96: AYU | H96: 0 | J96: 24 | K96: 24 | L96: =J96/K96 -> 1 | M96: 0 | N96: 0 | O96: 0 | Q96: =+N96+O96 -> 0 | R96: 0 | S96: 0 | T96: ='[1]OKT''25'!S280+P96-X96 -> 0 | U96: =+R96+S96+T96 -> 0 | V96: 0 | W96: 0 | Y96: =+V96+W96+X96 -> 0 | Z96: REHAB 28 OKT 2025
B97: 42 | E97: 45485 | F97: SONYA LINDA LOPIES | G97: AYU | H97: 2100000 | J97: 24 | K97: 24 | L97: =J97/K97 -> 1 | M97: 700000 | N97: 700000 | O97: 0 | Q97: =+N97+O97 -> 700000 | R97: 0 | S97: 0 | T97: ='[1]NOV''25'!S186+P97-X97 -> 0 | U97: =+R97+S97+T97 -> 0 | V97: 700000 | W97: 0 | Y97: =+V97+W97+X97 -> 700000 | Z97: =SUM(M97-V97) -> 0
B98: 62 | E98: 45506 | F98: EEM SUHAEMI | G98: AYU | H98: 3500000 | J98: 24 | K98: 24 | L98: =J98/K98 -> 1 | M98: 1312500 | N98: 1312500 | O98: 0 | Q98: =+N98+O98 -> 1312500 | R98: ='[1]NOV''25'!Q205+N98-V98 -> 0 | S98: ='[1]NOV''25'!R205+O98-W98 -> 0 | T98: ='[1]NOV''25'!S205+P98-X98 -> 0 | U98: =+R98+S98+T98 -> 0 | V98: 1312500 | W98: 0 | Y98: =+V98+W98+X98 -> 1312500 | Z98: =SUM(M98-V98) -> 0
B99: 155 | E99: 45576 | F99: TUTI SRI MARSITI | G99: AYU | H99: 9740000 | J99: 24 | K99: 24 | L99: =J99/K99 -> 1 | M99: 4464166 | N99: 4464166 | O99: 0 | Q99: =+N99+O99 -> 4464166 | R99: 0 | S99: 0 | T99: 0 | U99: =+R99+S99+T99 -> 0 | V99: 4464166 | W99: 0 | Y99: =+V99+W99+X99 -> 4464166 | Z99: =SUM(M99-V99) -> 0
A100: TBC | B100: 161 | E100: 45580 | F100: AYI JAMALUDIN | G100: ALDI | H100: 7650000 | J100: 24 | K100: 24 | L100: =J100/K100 -> 1 | M100: 3816366 | N100: 3816366 | O100: 0 | Q100: =+N100+O100 -> 3816366 | R100: 0 | S100: 0 | T100: 0 | U100: =+R100+S100+T100 -> 0 | V100: 3816366 | W100: 0 | Y100: =+V100+W100+X100 -> 3816366 | Z100: =SUM(M100-V100) -> 0
B101: 187 | E101: 45604 | F101: ENUNG RUHIYAT | G101: AAN | H101: 4750000 | J101: =(H101-Z101)/N101 -> 2 | K101: 24 | L101: =J101/K101 -> 0.083333333 | M101: 2375000 | N101: 2375000 | O101: 0 | Q101: =+N101+O101 -> 2375000 | R101: ='[1]NOV''25'!Q324+N101-V101 -> -0.33333333 | S101: ='[1]NOV''25'!R324+O101-W101 -> 0 | T101: ='[1]NOV''25'!S324+P101-X101 -> 0 | U101: =+R101+S101+T101 -> -0.33333333 | V101: 2375000 | W101: 0 | Y101: =+V101+W101+X101 -> 2375000 | Z101: =SUM(M101-V101) -> 0
...
